Name,Price,Offer,Original Price
SAFARI,₹669,60% off,₹669
WROGN,₹888,74% off,₹888
WROGN,₹359,88% off,₹359
WROGN,₹359,88% off,₹359
RIGHT CHOICE,₹297,85% off,₹297
sky spirit,₹335,83% off,₹335
WROGN,₹739,81% off,₹739
SAFARI,₹859,56% off,₹859
aob,₹649,78% off,₹649
sky spirit,₹335,83% off,₹335
WROGN,₹739,81% off,₹739
SAFARI,₹849,67% off,₹849
PROVOGUE,₹199,71% off,₹199
selvee,₹238,82% off,₹238
sky spirit,₹335,83% off,₹335
TRAVEL POINT,₹486,83% off,₹486
PLEXY,₹262,82% off,₹262
WROGN,₹739,81% off,₹739
PROVOGUE,₹776,82% off,₹776
ARISTOCRAT,₹759,66% off,₹759
PLEXY,₹248,83% off,₹248
PLEXY,₹248,83% off,₹248
selvee,₹238,82% off,₹238
TRAVEL POINT,₹549,81% off,₹549
WROGN,₹491,80% off,₹491
SKYBAGS,"₹1,009",49% off,"₹1,009"
sky spirit,₹495,80% off,₹495
PROVOGUE,"₹1,279",76% off,"₹1,279"
SKY SIXT4,₹503,79% off,₹503
Pro Life,₹380,78% off,₹380
SKYBAGS,"₹1,089",54% off,"₹1,089"
SAFARI,₹749,62% off,₹749
SKYBAGS,₹809,61% off,₹809
PROVOGUE,₹199,71% off,₹199
SKYBAGS,₹999,58% off,₹999
TRAVEL POINT,₹550,81% off,₹550
NorthZone,₹749,62% off,₹749
Flycraft,₹415,74% off,₹415
SKYBAGS,₹729,65% off,₹729
PROVOGUE,₹776,82% off,₹776
WROGN,₹669,60% off,₹669
HP,"₹1,279",76% off,"₹1,279"
sky spirit,₹859,56% off,₹859
SAFARI,₹415,74% off,₹415
PROVOGUE,₹491,80% off,₹491
Messi,₹545,81% off,₹545
ZONAL,₹521,65% off,₹521
WROGN,₹374,81% off,₹374
Roadster,₹669,60% off,₹669
Roadster,₹739,81% off,₹739
WROGN,₹548,72% off,₹548
SAFARI,₹483,75% off,₹483
AMERICAN TOURISTER,₹888,74% off,₹888
Roadster,₹687,65% off,₹687
TRAVEL POINT,₹687,65% off,₹687
SKY RISE,₹857,82% off,₹857
Mi,₹859,56% off,₹859
PLEXY,"₹1,059",59% off,"₹1,059"
deltin,₹515,65% off,₹515
SAFARI,₹550,81% off,₹550
WROGN,₹466,72% off,₹466
Roadster,₹399,20% off,₹399
PLEXY,₹248,83% off,₹248
TRAVEL POINT,₹449,79% off,₹449
PROVOGUE,₹849,67% off,₹849
Roadster,₹491,80% off,₹491
aob,₹629,79% off,₹629
ARISTOCRAT,₹262,82% off,₹262
SKYBAGS,₹486,83% off,₹486
Wildcraft,₹780,84% off,₹780
PROVOGUE,₹515,65% off,₹515
TRAVEL POINT,₹657,78% off,₹657
Arctic Fox,₹759,66% off,₹759
AMERICAN TOURISTER,"₹1,394",30% off,"₹1,394"
Mi,"₹1,343",16% off,"₹1,343"
SAFARI,₹775,77% off,₹775
SKYBAGS,₹549,81% off,₹549
Roadster,₹229,34% off,₹229
PROVOGUE,"₹1,279",50% off,"₹1,279"
PROVOGUE,₹399,20% off,₹399
STOIC,₹749,62% off,₹749
SAFARI,₹909,49% off,₹909
Modern Style,₹599,80% off,₹599
PLEXY,₹299,66% off,₹299
RIGHT CHOICE,"₹1,279",76% off,"₹1,279"
PROVOGUE,₹669,60% off,₹669
Trillion,₹857,82% off,₹857
ZCRAFT,"₹1,279",76% off,"₹1,279"
PROVOGUE,₹859,56% off,₹859
PLEXY,₹548,72% off,₹548
Hackon,₹261,67% off,₹261
PLEXY,₹719,72% off,₹719
PERFECT STAR,₹615,77% off,₹615
Wildcraft,₹248,83% off,₹248
Flycraft,₹303,84% off,₹303
PROVOGUE,₹199,71% off,₹199
ZIPLINE,₹331,66% off,₹331
WROGN,₹299,70% off,₹299
WROGN,₹776,82% off,₹776
aob,₹248,83% off,₹248
Tracker,₹429,64% off,₹429
PUMA,₹248,83% off,₹248
NorthZone,₹663,77% off,₹663
SKY RISE,"₹1,199",57% off,"₹1,199"
WROGN,₹699,76% off,₹699
SKYBAGS,"₹1,279",76% off,"₹1,279"
SKYBAGS,₹845,55% off,₹845
SKY RISE,₹780,84% off,₹780
ZONAL,₹780,84% off,₹780
Hackon,₹649,78% off,₹649
zikrefast,₹296,62% off,₹296
SKY RISE,₹899,25% off,₹899
RB Suffer,₹385,75% off,₹385
SKYBAGS,₹466,72% off,₹466
Wildcraft,₹545,81% off,₹545
WROGN,₹749,64% off,₹749
A G Enterprises,₹969,51% off,₹969
STATUS,₹466,72% off,₹466
SKYBAGS,₹483,75% off,₹483
Emperor,₹599,79% off,₹599
Wildcraft,₹414,79% off,₹414
SKYBAGS,₹466,72% off,₹466
HMFURRYS FINEST,₹279,68% off,₹279
SAFARI,"₹1,009",49% off,"₹1,009"
Trillion,"₹1,419",54% off,"₹1,419"
PUMA,₹888,74% off,₹888
PROVOGUE,₹239,60% off,₹239
WROGN,₹699,82% off,₹699
Mi,₹860,42% off,₹860
SKYBAGS,₹649,74% off,₹649
SAFARI,"₹1,279",76% off,"₹1,279"
SAFARI,₹303,84% off,₹303
Flycraft,₹969,51% off,₹969
Wildcraft,"₹1,009",49% off,"₹1,009"
Roadster,₹699,76% off,₹699
SKY RISE,₹779,56% off,₹779
Gear,₹969,58% off,₹969
ZIPLINE,₹299,40% off,₹299
SKYBAGS,₹669,60% off,₹669
SAFARI,₹368,63% off,₹368
SAFARI,₹899,25% off,₹899
PUMA,₹299,70% off,₹299
High Sierra by American Tourister,₹888,74% off,₹888
ARISTOCRAT,₹399,20% off,₹399
TANAUM,"₹1,599",19% off,"₹1,599"
PUMA,₹949,68% off,₹949
PROVOGUE,₹859,56% off,₹859
TRAVEL POINT,₹509,57% off,₹509
Roadster,"₹1,259",55% off,"₹1,259"
SKYBAGS,₹629,79% off,₹629
S DESIRE,₹466,72% off,₹466
TRAVEL POINT,₹899,30% off,₹899
LAVIE,₹845,55% off,₹845
SKYBAGS,"₹1,999",20% off,"₹1,999"
PROVOGUE,₹849,67% off,₹849
SAFARI,₹779,70% off,₹779
NEXON,₹899,25% off,₹899
Gear,₹569,64% off,₹569
RB Suffer,₹759,66% off,₹759
PROVOGUE,₹297,82% off,₹297
SKYBAGS,"₹1,089",48% off,"₹1,089"
PROVOGUE,₹299,70% off,₹299
WROGN,₹486,83% off,₹486
ZCRAFT,₹524,82% off,₹524
Lunar,"₹1,339",29% off,"₹1,339"
SKYBAGS,"₹1,649",81% off,"₹1,649"
Flycraft,₹549,78% off,₹549
PROVOGUE,₹608,39% off,₹608
SAFARI,"₹1,249",84% off,"₹1,249"
ARISTOCRAT,₹780,62% off,₹780
Gear,₹749,69% off,₹749
PLEXY,₹275,44% off,₹275
Lunar,₹719,70% off,₹719
F GEAR,₹269,76% off,₹269
PROVOGUE,"₹1,279",60% off,"₹1,279"
PROVOGUE,₹669,25% off,₹669
RIGHT CHOICE,₹899,76% off,₹899
SKYBAGS,"₹1,279",79% off,"₹1,279"
Roadster,₹629,56% off,₹629
sky spirit,₹859,46% off,₹859
PROVOGUE,₹699,66% off,₹699
rightchoice,₹299,84% off,₹299
GOOD FRIENDS,₹780,70% off,₹780
aob,₹299,55% off,₹299
SKYBAGS,₹799,44% off,₹799
alfisha,"₹1,169",74% off,"₹1,169"
Lunar,₹699,82% off,₹699
WROGN,₹776,63% off,₹776
PUMA,₹619,66% off,₹619
SKYBAGS,₹759,56% off,₹759
Lunar,₹395,83% off,₹395
Emperor,₹248,50% off,₹248
NorthZone,₹849,49% off,₹849
SKYBAGS,₹849,66% off,₹849
TANAUM,₹299,76% off,₹299
WROGN,"₹1,279",85% off,"₹1,279"
SKYBAGS,₹299,54% off,₹299
Safari,"₹1,079",65% off,"₹1,079"
TANAUM,₹515,80% off,₹515
PROVOGUE,₹495,82% off,₹495
